latitude,longitude,hour
35.69002201741324,139.69957311964598,13
35.68715971856935,139.70207716981028,21
35.69466022190358,139.6977607032232,5
35.69347863270565,139.69725278832087,23
35.69102906479824,139.69991101851258,10
35.69100164428769,139.6992689736085,0
35.690731203213296,139.70051095609608,14
35.688066990717225,139.7035159392177,6
35.69465979124529,139.69762308577458,23
35.69438460678986,139.6970808198613,20
35.69169426467962,139.69914571057683,4
35.68666684268935,139.70541479099867,20
35.6863848681841,139.70416473935447,8
35.69007688193865,139.70023582058838,21
35.691917501229085,139.70306318235012,1
35.691912067864706,139.6981158521425,6
35.69127948205716,139.7022115048126,5
35.694051319724764,139.69756479567138,9
35.69133655980416,139.7013039348411,1
35.69077682178519,139.70151926294477,6
35.69278923989645,139.6980737701079,7
35.69059753316179,139.69958503601543,2
35.69025403582088,139.69960080799336,19
35.69248278725412,139.700674681074,19
35.68945387196744,139.70049499375136,20
35.69252596377688,139.6984594973061,13
35.69060818873108,139.6988368091913,16
35.69438310977715,139.697922162803,0
35.69476457837734,139.69753683513355,6
35.69193838875574,139.7009054240932,17
35.69337286855835,139.6971228147994,10
35.69101327041054,139.6989617220217,23
35.692170631060655,139.69969269465966,4
35.68918814573471,139.703536743623,14
35.685240402600726,139.70406337484957,5
35.687356450167684,139.7040299608176,2
35.691688899298036,139.70012808799893,10
35.69035349260549,139.69988428293007,4
35.69428179931131,139.69856768675095,4
35.692962524919245,139.69933246708575,21
35.6900406597163,139.70154238514397,0
35.69116505604484,139.70035497317718,20
35.68997748726962,139.70157372699774,5
35.68838988681947,139.7022276302157,2
35.69269292259133,139.7006239552781,1
35.692976003426544,139.69674278872515,2
35.69123848384346,139.70010459858986,19
35.6937767090439,139.6987321405635,8
35.69340883088044,139.6957599501015,2
35.690969779213496,139.70144201948315,15
35.688840620026504,139.7035467335682,0
35.6929347152236,139.6975892913409,8
35.68721596412501,139.70360863882988,10
35.689217158520826,139.70452131605194,21
35.6942957031417,139.69861866393748,14
35.68751090521408,139.70329730964568,2
35.6904353827027,139.70060115965586,6
35.69136955916935,139.6993934390089,0
35.69039080475952,139.70117753124083,2
35.69102637957955,139.70233892899907,5
35.69030563362765,139.70020767608693,20
35.69235795523357,139.69988433596615,3
35.68835063009928,139.70348918713015,2
35.691759257225,139.70074617774583,22
35.69052067008016,139.69926133206152,13
35.694607080669286,139.69787961883605,7
35.6906617215393,139.69938626200857,13
35.68762234913867,139.70298360122374,7
35.69123198033057,139.70059049967978,22
35.68838824264779,139.7023035802071,13
35.69369597503386,139.69831697941777,8
35.69190321319974,139.70245685222073,22
35.69309952663116,139.7009320301933,19
35.68833951448382,139.70235422864937,3
35.69327653401763,139.69765068320388,0
35.69161479994798,139.6977037325565,10
35.694155610398255,139.69952772361952,3
35.689701895936736,139.69912684023075,23
35.69163430467556,139.69975066868807,11
35.69097005216311,139.7015618783026,4
35.687191858145596,139.70228452830287,11
35.6937651555273,139.69864193053496,16
35.68977957734009,139.70029006228464,18
35.69076255148537,139.7013528745472,7
35.690822466184805,139.70103454028805,18
35.690975433638904,139.69879803418812,3
35.69324341206982,139.69559724606512,21
35.69260400119319,139.6970691188058,22
35.68890685769513,139.70278450179768,17
35.69046041128897,139.69819224908363,7
35.69071483477102,139.69880719720064,12
35.69209368253633,139.69791689442738,2
35.69221205261048,139.69536856811658,16
35.693295064962186,139.69800686825494,13
35.6930150329625,139.69877544547077,6
35.691219174510415,139.70174045044604,9
35.69387735070276,139.69781951021108,8
35.69031922221149,139.70125371304567,16
35.69058094606433,139.6996039741432,6
35.69046416965908,139.70046929406055,10
35.69083592969987,139.69980972451665,13
35.69313043114715,139.6968764837951,18
35.691731349267066,139.70021852167042,20
35.694341492704474,139.6968345573298,0
35.68751693894832,139.703146793012,12
35.690523004840834,139.70097577978268,3
35.69006770611688,139.6981908483809,17
35.693693395783164,139.6971813833204,7
35.690768743032905,139.70047685188297,18
35.69141192409103,139.70023169176605,8
35.691708985515035,139.70070531977956,12
35.691106724047245,139.70115893860012,2
35.68738756262536,139.7033615035252,1
35.68928209892096,139.70311686938234,7
35.69405876978456,139.69891754520668,11
35.687871462488566,139.7011181509545,12
35.68879825407143,139.7028041391799,16
35.69072536214819,139.69891497784172,23
35.68896945720053,139.70342719436186,21
35.693204023156596,139.69908360607982,12
35.68705614929458,139.70190541346045,11
35.68852806836775,139.7034886919527,11
35.69076569125853,139.70121080827317,7
35.69062757229875,139.70032508915534,0
35.69229707950073,139.7034871551502,4
35.69049578298802,139.7005294112583,0
35.68703559574539,139.70256984336442,9
35.68931030874612,139.7043956838108,10
35.69217364033215,139.6999017321169,10
35.69461030236198,139.69681659381175,4
35.692122123302376,139.7005111721603,23
35.69087359424304,139.70068016115883,3
35.68978525229267,139.70049767585556,13
35.690811637040795,139.70002998897013,9
35.686392640343,139.70210021213722,14
35.68980387697526,139.70036400458804,4
35.69340656592908,139.69822898242506,22
35.69362575117253,139.6979858019756,8
35.690792697856,139.7008477169258,12
35.68798169651598,139.70339724460925,12
35.68957281464092,139.70325045240773,22
35.689098942265844,139.69985732620026,12
35.689638545166346,139.69953496077366,11
35.691070831898415,139.7016602074061,0
35.68982725697426,139.7006392468641,2
35.69122439997179,139.7000420889096,3
35.693791861762,139.69889946497116,23
35.692270450405545,139.69849669922326,20
35.690984782864646,139.70031534745814,4
35.68937547871338,139.7006409249973,20
35.686311437683216,139.70414216002825,14
35.69053823693116,139.70068012138898,16
35.690538354722314,139.70236789894292,11
35.68999063523036,139.70042887572316,19
35.68825527338742,139.70404589671548,3
35.689994267699134,139.69974623366136,23
35.6955823487441,139.69684268001302,18
35.69455605680906,139.69822323891412,13
35.6887003892815,139.69868756054242,14
35.69391469852873,139.69949191964636,12
35.69106306106743,139.70039227077774,7
35.69330509171965,139.69913377009686,16
35.69247677223386,139.69720557394655,5
35.6943854589589,139.69878913402516,21
35.692024112719984,139.70134752646211,21
35.69023974303993,139.70346007060635,20
35.69204538918855,139.69986844306277,23
35.69111164097751,139.70212590777035,14
35.69210926611097,139.69896043594662,14
35.6939213798111,139.69740615983775,4
35.69396672546759,139.69848596228294,0
35.69125144820754,139.70147015023832,7
35.695039606848,139.69730384764105,13
35.68925973336077,139.698767441597,5
35.69397032231053,139.69614416222905,13
35.689006385333045,139.70061329370736,7
35.693363552536645,139.69638216609445,1
35.69073863562699,139.69969042770705,14
35.68842649581892,139.7026609546968,2
35.69172947484193,139.70020617386123,6
35.68935920695757,139.70026748332046,8
35.69049353777877,139.69901713302275,21
35.68859805769645,139.70215061308485,9
35.68980051118152,139.70423894635294,19
35.69132530240423,139.7026187396772,17
35.69434337262216,139.69855944907601,23
35.688523771109836,139.70126181952767,3
35.69389241596718,139.6974910363743,17
35.69237693943985,139.697675775181,1
35.69123523868707,139.69945250786503,10
35.6902430893995,139.69886163000103,16
35.68737380996778,139.70301537898138,21
35.68767210528349,139.70315519068387,17
35.69142657911107,139.69757094807315,11
35.690041550059625,139.70152558777104,10
35.69073055076252,139.70054959747807,8
35.693023779126456,139.69887438918073,3
35.68612043937199,139.7018109271342,23
35.68793445239322,139.7049816918064,0
35.69265759951746,139.6984104758439,20
35.69446539748459,139.6992361307218,0
35.6902417265568,139.70000624268354,3
35.68984461298291,139.70145848454354,20
35.69024113456902,139.70258971856404,4
35.69336055372432,139.69754981073515,15
35.6918830827052,139.7000912788467,2
35.68945851793839,139.70019054743435,13
35.693213608126506,139.69832741977166,4
35.6912267447646,139.70070047435962,15
35.69183378391287,139.70007463712165,21
35.693226980239274,139.69836512541198,12
35.694172886216315,139.69783558355954,3
35.692630336918725,139.69912543478443,11
35.69103829868978,139.70006008549424,21
35.69369229297814,139.69785177712242,10
35.69035588599788,139.70023720709392,21
35.69112987220812,139.7018798860999,14
35.691974680909766,139.6968661844049,21
35.69367648731036,139.69808232988672,2
35.68543766634121,139.7028089722374,16
35.69324510015513,139.69844361392268,10
35.694911876518894,139.69744908881745,22
35.691615381315444,139.7011181857257,7
35.69013685117685,139.70053575387993,14
35.69066230487531,139.7005922347642,5
35.68901217516075,139.6996748669065,0
35.68715338829087,139.70373124650666,11
35.691064760841236,139.70045088770186,14
35.68851986485201,139.70494360304818,7
35.69417021989728,139.69867696638735,7
35.693028140405566,139.69760247017905,7
35.69339674523985,139.69635681118885,14
35.693672594103916,139.69755727494783,3
35.69143709083306,139.70045162637672,21
35.68963983523483,139.69978363859195,11
35.6943328993286,139.6982517877069,9
35.68976285861946,139.6994605942162,12
35.69139822174849,139.70154014903852,14
35.69393838258013,139.69696828298808,0
35.69153851786059,139.70016323139703,23
35.688301044476276,139.70474501643,8
35.68911451628422,139.70411394863322,17
35.68691091988386,139.70284417852568,17
35.69193558328762,139.69961432040338,20
35.691007695005645,139.70081178629104,21
35.68828173506383,139.70456833927602,13
35.69033629982494,139.7003169663965,5
35.686576042847555,139.70273334767077,10
35.6871613104763,139.70340282172108,10
35.688447861747754,139.7033710940513,11
35.68930187564811,139.7008621726661,17
35.69018336012995,139.70055705458142,21
35.68853514143546,139.7037593879393,1
35.69006337207071,139.7019832255297,15
35.6908151101815,139.6991566760716,3
35.69421975794215,139.69670672704214,6
35.688562316620626,139.70341726344788,11
35.694118488380454,139.69779252247733,9
35.69301004984484,139.6984686057965,22
35.69042995785224,139.70066587822964,4
35.69294271969964,139.6965431621306,11
35.687203829295306,139.70333899368532,8
35.690892799954206,139.7010150301938,6
35.69215588552964,139.69639673953318,20
35.68629530298651,139.7025774588896,16
35.69281537017424,139.69879062559917,19
35.691659670963766,139.6996101715294,0
35.69278991888096,139.69740229048628,12
35.69138716444022,139.7010575244135,4
35.69049296368707,139.70108631845696,3
35.68645975236797,139.70498338623486,18
35.68617555911332,139.70223835409388,18
35.68710121595168,139.70166968637426,14
35.68942025693244,139.7024652843922,22
35.693139108580574,139.69452857010808,19
35.69284369060877,139.69720730571782,15
35.694386887390095,139.69757923820632,13
35.69351114156305,139.69870964129052,2
35.692847042008744,139.69921338139991,3
35.691721412415994,139.69831965182593,22
35.68783280385693,139.7036661660655,20
35.69159023680038,139.69784163161674,4
35.69003357938855,139.70104561547416,6
35.68981275406114,139.69931417487112,2
35.69290620467775,139.6970342425844,18
35.69211737356975,139.701220555419,4
35.69149110861354,139.7017968482018,4
35.694363596659244,139.69857964322932,13
35.69054139068054,139.69957594115846,14
35.692902489805306,139.6994223698617,20
35.6905465045538,139.69936183085292,22
35.69270216480843,139.70078310021208,1
35.68841839822089,139.70440159859294,10
35.69057522652672,139.7027003956427,16
35.68931153545958,139.7011929348535,20
35.69495670995006,139.69831181418348,18
35.694106723059136,139.6978168033813,23
35.690545192649815,139.70002170472574,6
35.69431607284339,139.69792578902147,22
35.69069507620822,139.70033212222793,8
35.69034169824605,139.69929984576703,5
35.69255793409844,139.69845401380172,16
35.694558207046946,139.6989375601222,14
35.69513413499349,139.69585663267588,16
35.69240829912386,139.69761290029754,3
35.687706033052336,139.70292840074814,19
35.69375605486428,139.69767676203548,0
35.69083971100861,139.70085479516965,3
35.69355392042531,139.70092335561733,5
35.69140066572138,139.70044977368718,18
35.689121649032735,139.6997450540392,15
35.69066205645265,139.70066902406813,2
35.69108716402049,139.70062992646788,3
35.68651084988324,139.70401491898247,21
35.68905993638405,139.70361700594958,6
35.6939261195264,139.6978168086543,17
35.69096974684884,139.69976023547255,20
35.68987062849182,139.69904732971415,16
35.69078775253305,139.70110295379192,13
35.689468482002276,139.70099727488756,0
35.69296419853695,139.6962926420424,18
35.69298966501679,139.6982117497181,14
35.693664743787465,139.69795948164997,19
35.6920173988159,139.7018484992299,13
35.68867148060101,139.70366142278408,23
35.69347271006036,139.69773274388558,9
35.69326959928579,139.69707576685573,4
35.69384112731344,139.69671248097396,16
35.68979174253818,139.6987387568373,2
35.69081656203021,139.6989503547803,15
35.691701164019825,139.70251087263702,5
35.69358757821895,139.69839593567562,6
35.6907833700676,139.69967691227038,19
35.6925734520903,139.7017404610518,14
35.692945817288084,139.70117103891997,21
35.69208991139724,139.70141367574055,15
35.688777954772796,139.7055,1
35.69328508964485,139.69827679344934,21
35.689455482663,139.70183034659885,12
35.69067060925593,139.70035652305017,3
35.69096954808776,139.70112258850162,18
35.690790230496184,139.70089748525731,12
35.69232446201313,139.70109762337074,5
35.69087644784913,139.7002256457421,2
35.69125034177923,139.7006978560942,3
35.69517746293031,139.69750755392567,18
35.69524958390421,139.6993814540787,8
35.69170753099982,139.69942675768664,7
35.69195948053017,139.7009124665162,14
35.69271623433441,139.6973094589477,4
35.692526884639776,139.69612255711476,0
35.68741994675863,139.70323940450055,15
35.69426817956446,139.69766682833517,18
35.68907252564595,139.70034519136507,23
35.69138224895268,139.69916233757766,0
35.69447756803216,139.69724715523063,16
35.69105383191608,139.70116646736813,6
35.69271401396737,139.69661895539684,21
35.68757960487764,139.70436261702662,10
35.69455466657877,139.69843608195512,7
35.692892515353165,139.69963334341222,4
35.69310356417057,139.69939662847952,21
35.69136558401654,139.70174287421295,12
35.69352538842054,139.6960803268438,10
35.6887931693668,139.70298346424977,14
35.691878924006865,139.6993934867073,5
35.68674349310572,139.70381320518675,5
35.688042482538926,139.70199610892078,16
35.69144270439798,139.69936114021021,6
35.691708892920104,139.70094646376415,18
35.69056869161682,139.6997877632655,3
35.69079587584577,139.7011797554963,9
35.688755197297446,139.7009328333008,19
35.693610682405655,139.69812569982219,13
35.689754461782,139.69903662737528,9
35.68999935288177,139.6996327129098,16
35.68777020036943,139.70214859356574,18
35.69042530223036,139.7014331185154,8
35.68841767369849,139.70384699708768,16
35.69039014146224,139.69832592404023,21
35.69053277100967,139.69856382553556,22
35.694055512646344,139.69708131348852,14
35.690738938033846,139.69758329739977,22
35.688112104946825,139.70474463917327,21
35.69143867454406,139.69855098665758,10
35.68857260810792,139.70334869045175,9
35.6920188816203,139.7022339226522,1
35.69332671648635,139.70083295982536,13
35.692991610628745,139.69733925796396,18
35.689198835296715,139.70221007397473,23
35.68902138329543,139.70508844277288,14
35.691436377852604,139.7007665657572,2
35.69198592669632,139.70145521885132,0
35.69288210753127,139.69693821894606,12
35.691227821172845,139.70132427013954,15
35.688133151211424,139.70330142051552,20
35.68766426900508,139.70221055463975,23
35.68990418460521,139.70105113624183,4
35.694249089844256,139.6991087883825,16
35.6945276945935,139.69832022718552,2
35.69292862892427,139.70135847652762,15
35.68924449807602,139.70313202092262,21
35.693446879346986,139.69922356888242,18
35.68826628373045,139.70119125298436,18
35.69053824011168,139.70161532157468,14
35.6871999614356,139.7029364754254,7
35.689561840931376,139.70031280135123,7
35.69029329970523,139.70061128369227,1
35.6882926513874,139.70300799689963,19
35.689822128188624,139.69971128233357,21
35.691604534799104,139.70188976514007,22
35.68739525533547,139.70079443394292,19
35.68786954013096,139.70260469452256,10
35.69381573589888,139.69830562923048,8
35.693768533986464,139.699513009266,3
35.69135728040462,139.70185582232216,4
35.688734518414286,139.70070463629634,19
35.69130976279596,139.69953891208982,11
35.69277936032817,139.69852883130181,8
35.69235084511576,139.6963901885463,16
35.69413926953786,139.6965337921691,20
35.69428412759086,139.6983105912589,4
35.69248916441925,139.70065625779205,11
35.692709306349734,139.7001819541046,21
35.692269387672596,139.69863942140577,7
35.694533925143084,139.69828534484046,11
35.69184256854854,139.70126045604843,15
35.68822226613245,139.70252066313856,11
35.689081759566,139.6983262538128,16
35.69182660550804,139.6993014491592,14
35.69221986067066,139.7011271657444,0
35.69479742142129,139.69811434689132,20
35.6924866841644,139.69870118632608,3
35.69151402564726,139.70092839281187,22
35.69163930584083,139.70121633915593,0
35.693039923745864,139.69793361238243,21
35.6912496500473,139.69883519722865,23
35.6883728329918,139.70347051476176,23
35.69356799090758,139.69656877724404,6
35.690430850969975,139.7010446282463,21
35.69334945979896,139.69922369674308,15
35.68698331687143,139.70275591952634,19
35.690709182594546,139.70036312043865,15
35.6898682654202,139.70151336050594,22
35.68838680852069,139.70409098042518,2
35.68787181453042,139.70365972119967,9
35.687334146591766,139.70283084882425,18
35.69526877178326,139.6975078564848,10
35.69255154626919,139.70227391742102,22
35.69126764929299,139.69829997349234,4
35.69461845764485,139.69854931564456,19
35.6935065104368,139.6987153639468,10
35.69046239174324,139.7014587438299,21
35.68855829167476,139.7028396289994,20
35.69038060701359,139.70055344097597,8
35.69099515652268,139.69965145386539,0
35.692130874513154,139.7020850142787,14
35.68957917622612,139.7026362836508,13
35.691423079004004,139.70173086718037,10
35.68890678117659,139.69834965167843,19
35.69094351466864,139.7009581395145,23
35.69468417252766,139.69829977456374,1
35.69365111043729,139.69876527643837,7
35.693694202862154,139.6971638221185,19
35.68792605243439,139.70254834052383,16
35.69183157126868,139.70066126668414,15
35.691734228406595,139.70204369049526,15
35.688629529584226,139.70219568424034,23
35.69029679210388,139.69976347427684,16
35.68828865393081,139.70307477626793,7
35.690545938453134,139.69953613543413,20
35.687794140569125,139.70225342165347,17
35.689706289012335,139.7000986535503,19
35.68788839766916,139.70222898258163,19
35.69343823580014,139.6984794415181,23
35.687588610169975,139.70251595036362,7
35.69045128343134,139.7014904343414,3
35.69304387917253,139.69818142662012,4
35.688851069214024,139.70450057136895,4
35.69501201600001,139.69788410793865,13
35.69361643824066,139.69789896122313,0
35.691614233081246,139.69760619813155,22
35.6907832340842,139.6997644421586,8
35.692960012364274,139.69690802452533,17
35.694629473589345,139.6986816906899,14
35.68817396114969,139.7019609264336,8
35.68835650181705,139.70238713097066,8
35.68757524428009,139.69893107653633,18
35.687198541029275,139.70333081092525,15
35.686296128413176,139.70207553401187,3
35.6913338808509,139.69777321374266,7
35.69376195034934,139.69674489225076,13
35.6896667311737,139.70106072339448,6
35.69099530135387,139.7005705318604,5
35.691132594908225,139.70018024950417,2
35.69134198600639,139.6999696145236,21
35.69488178389745,139.69987302062358,22
35.689795137206936,139.700620541427,13
35.687695195910486,139.70373891547104,4
35.6885199990758,139.70202216279964,8
35.693635402482485,139.6963315612461,19
35.69266141420155,139.69711331907772,12
35.692249325062946,139.70206144101374,16
35.68935401914237,139.70368889093248,21
35.69388566000047,139.69633471533288,12
35.69086894106713,139.69949031658302,17
35.68870125555918,139.70318160906626,14
35.68793042179108,139.7038899875622,16
35.68874215280438,139.70399881664477,22
35.69075249515728,139.69750026982385,16
35.69385973676436,139.6981687062611,17
35.69207166231178,139.700034664047,12
35.689130983473135,139.7037502781442,15
35.68814125714009,139.70086943352018,19
35.690522678489884,139.7024258070919,11
35.69024916727437,139.70040184595524,19
35.69162298626312,139.69994625838717,8
35.687712552480605,139.7032873289044,2
35.68722260992414,139.70369332469033,14
35.69243189991654,139.70020770096596,7
35.69268540520683,139.6974537409619,0
35.6896462998701,139.70086266613683,18
35.68746466491299,139.70335845361822,16
35.68827861919207,139.7015726664105,20
35.68874285947958,139.7031138694003,5
35.68946553465815,139.69934266718283,12
35.69099806753954,139.70169587178185,8
35.69028477080929,139.69875874679764,23
35.69140540427343,139.70059584524702,16
35.68690456654271,139.70354607351314,1
35.689382641935666,139.70466004248948,19
35.68711075917177,139.70395530055825,10
35.68743981347478,139.7009775384153,16
35.69437604679253,139.69947267067576,13
35.692835775818644,139.698881599746,13
35.68789140702929,139.70220065154663,0
35.688328760300344,139.70302780291576,23
35.6915404797952,139.700209496894,11
35.690402732386076,139.69975909565076,23
35.68980459909699,139.70069839184657,13
35.68884901091328,139.70289476303194,2
35.69331310384184,139.69636952675629,9
35.69116429782198,139.70112519947267,7
35.694365198608004,139.69816666168705,4
35.693304321441126,139.69947872360947,8
35.68995108347917,139.70214736319792,1
35.69051630958042,139.70135401381586,11
35.69322984000762,139.69859392673442,22
35.6933555315847,139.69705295334217,1
35.692971022291935,139.69694344235725,19
35.69372931412843,139.69971266771284,5
35.6883194012336,139.70312931759815,13
35.69213168496117,139.69998727599923,20
35.69169444273858,139.69937380782744,5
35.687722683943434,139.70371516240075,14
35.69094308300802,139.70014344901944,20
35.69116402008133,139.7016723535001,22
35.69015860672337,139.70206080240195,9
35.69396671623401,139.69850636697754,4
35.69276845743038,139.69775164197358,5
35.69501639405525,139.6986021183204,18
35.69132334194861,139.70248076590403,11
35.691192988208336,139.70077761450634,7
35.69123417641725,139.70024474095118,21
35.69226812980771,139.7000437097054,6
35.69343402537911,139.69845065555535,14
35.69092332950865,139.69993240065952,21
35.69145655312453,139.6990645184309,0
35.68841597662122,139.70220200659782,9
35.6913295630002,139.70083338861573,5
35.69364084296656,139.69818969693122,14
35.693580706626385,139.69736881023056,12
35.69083172237736,139.6995486295497,13
35.693632918641754,139.69883547922183,13
35.68920026174974,139.7025368386379,21
35.688750536115435,139.70369822083615,20
35.69036669526657,139.70062569813783,22
35.687490193306814,139.7030344410117,4
35.68980644285411,139.69957752908715,17
35.69095898422159,139.70084687250082,13
35.69046003708759,139.70094969941832,11
35.68826667276379,139.70209299184162,10
35.690976238227684,139.70022020055484,2
35.69161460979063,139.69835005872142,15
35.69338367696072,139.69770768035067,16
35.69249604849139,139.70004326143675,5
35.69205734631172,139.7016865973694,15
35.690194394219525,139.69945791346524,7
35.69121745326125,139.70006713959563,3
35.68970014027782,139.70010774478456,12
35.69035891617032,139.7006812215515,7
35.695254933071645,139.6980184016308,8
35.69179404959733,139.69990328917606,6
35.69227040969398,139.70182945780203,2
35.68772817969672,139.70240017112346,17
35.69016696700447,139.70221806192257,1
35.69320140326239,139.69827402735268,4
35.69050325502101,139.70013422430355,22
35.688056514707945,139.70042049301293,14
35.693250205800005,139.69773566767893,4
35.690756041606214,139.70060299211295,23
35.690805541285556,139.70081960997203,8
35.69135161068272,139.70003446271625,23
35.69224666972375,139.6999256545581,10
35.69238521924101,139.70015830154858,8
35.69254948089432,139.70147061056,0
35.68913054140468,139.69977536335733,8
35.69134350172058,139.6992481316154,14
35.69339528674138,139.69529651987025,22
35.69233821615609,139.69771686110326,12
35.68915125392386,139.70238108089393,9
35.692659529064315,139.69777525437948,8
35.69292079984228,139.69777502670073,10
35.69139120766541,139.70004197062025,11
35.687611902092904,139.70161101486383,18
35.68764123406391,139.70291847717317,15
35.690810765845775,139.700362429355,11
35.691858204917295,139.69843356073088,21
35.68626617364552,139.7033409526902,14
35.693973471899035,139.69773235890912,14
35.68949908067189,139.70046044278993,11
35.689738067508344,139.7000910924684,16
35.69153566159675,139.6998512508666,4
35.69104178542046,139.69989608052862,4
35.69059301178068,139.6976251779434,2
35.69283745489694,139.7002439602333,19
35.691152167350474,139.6992139307686,4
35.69289349661179,139.69845590419519,19
35.690064005158405,139.70167438808733,1
35.69259809290633,139.69953492857283,4
35.69381376592331,139.69921069057375,18
35.68705425393931,139.7036082461917,21
35.6940233950169,139.69767441264287,19
35.69276319829468,139.69763326845197,18
35.689433214809384,139.69989859785312,14
35.69046141428932,139.70075503159816,3
35.693967826725235,139.70008126962878,21
35.689703211353574,139.70129369768938,1
35.6908450188567,139.69993417792108,6
35.692140879572044,139.6996972522233,20
35.690490313407366,139.7011123221596,20
35.69053317233409,139.70189777654124,9
35.689063928012494,139.69961550935676,16
35.69312601888576,139.70041092448557,6
35.69108517553683,139.7008254448642,0
35.68855558868467,139.70542928264297,11
35.69416344772915,139.69727575346795,1
35.69378359001152,139.70049681784036,18
35.69440039858839,139.69845122531933,11
35.68989373064567,139.70005602392857,9
35.6898498592604,139.70115749514935,12
35.69473869576906,139.69931115586812,14
35.694572886742996,139.69832543685945,10
35.69386717016023,139.6967654075542,11
35.69048209045423,139.6983741921269,8
35.69209522067152,139.7008782022619,15
35.69097587738996,139.70012730541785,0
35.69209456343118,139.7013207255129,21
35.694507443973194,139.696745077332,13
35.69475597292043,139.69758083805817,4
35.692522193101546,139.7023511420483,23
35.68871679879799,139.70089323790862,4
35.69183140074112,139.69905872852988,11
35.691033106902466,139.7002677569459,12
35.69112899639246,139.69854209854861,15
35.69177365967689,139.69990273603338,19
35.69078434643145,139.7006525899274,12
35.69001893166334,139.69968777923634,3
35.690097797715765,139.7000246230444,6
35.692065032104836,139.69915440608838,13
35.69081660637887,139.69721218852396,4
35.687784332362455,139.70212703890954,7
35.68988995406072,139.69933709031756,10
35.69220249036002,139.697242143804,21
35.691023106084586,139.701324334283,21
35.687459746996666,139.70165416821547,0
35.69027226609391,139.70011196112608,10
35.690104310237004,139.70021615311927,15
35.68743805375231,139.70401464538645,14
35.687878903311535,139.70099322131225,19
35.686846649489404,139.70413731454238,18
35.69224814784861,139.6996350547591,4
35.69263204929137,139.7011028817986,12
35.69428081542782,139.69737539909323,18
35.68976118812487,139.7029996863274,12
35.69417951225408,139.69909670643034,21
35.69341943420169,139.69604839280646,12
35.69053853723331,139.7008164460381,19
35.69473901299202,139.70068434574242,18
35.6934546863259,139.69975780534747,8
35.69109613145902,139.69949593171026,22
35.69155736496339,139.69912959125602,10
35.693497596159084,139.69741072834822,5
35.69006229056811,139.69932060754292,9
35.68979636212875,139.70053563200878,14
35.69489959464514,139.69665787225154,3
35.69149873901599,139.69947976147023,13
35.69396201330993,139.69782977310842,4
35.689873630792334,139.70163000057272,21
35.69152683365703,139.70058648795396,6
35.691243750065254,139.69682155965316,21
35.69233413272323,139.7006495845618,17
35.69132831669238,139.70047715649622,21
35.69009378183319,139.70033662683238,13
35.69135816811479,139.69942027877528,16
35.688308085660765,139.7029696145105,5
35.69248347727725,139.69928222115976,21
35.687474120324104,139.70317775010628,22
35.69248169896812,139.6998164365277,16
35.69594458275258,139.69745771766225,17
35.69181734130588,139.69697597140913,0
35.69398269405162,139.69707248780648,3
35.69005960846379,139.7010764418165,3
35.69306505606781,139.70159054859434,8
35.69004443276358,139.69937206323894,19
35.688123917426346,139.70220829064942,13
35.68773015945933,139.70271063557487,15
35.6890620161768,139.70316751761254,3
35.69138849467245,139.702761611444,13
35.69400558924183,139.69948911310834,3
35.6873764239088,139.70199133768563,1
35.69199516041172,139.70083350549996,17
35.68993476739912,139.6997887306008,0
35.692516877865415,139.69638119469116,11
35.69339862174374,139.69750722727176,4
35.68839869518362,139.702510760767,6
35.690310090702134,139.7012442832281,20
35.695491553302205,139.69716793869515,20
35.69072257956179,139.69904447050044,5
35.69060659448416,139.69895058027083,10
35.69122584085215,139.70160834781757,16
35.687234777633996,139.7030062845249,1
35.693944198327294,139.69910132295774,22
35.691978403157364,139.6997467389375,15
35.69078898112639,139.7005212546831,18
35.68910292773275,139.7049353203366,12
35.69133414222026,139.7008271337287,4
35.688140982699615,139.70458862692806,9
35.68872341891438,139.70114163974645,6
35.689683674167206,139.7001898330922,18
35.690040972461134,139.70121354803996,2
35.69077234531848,139.69983939236315,12
35.69267107238699,139.69737829844377,14
35.692772327645145,139.69800946519402,12
35.69195554460213,139.70315072303055,2
35.688156693728246,139.70402353064418,12
35.691508365542894,139.700924326036,21
35.695603673103065,139.69859639706914,0
35.68891176532284,139.70126661613796,7
35.693045452281254,139.69778134672256,11
35.69168499057884,139.70151627566375,3
35.68831916029009,139.70313102076207,17
35.694470196826686,139.69679506439877,18
35.69204753921359,139.699671478446,8
35.69053868943803,139.7003358158387,0
35.69402901629989,139.69805695444026,6
35.69210616895619,139.6974338714114,19
35.69399619918736,139.69746468328745,1
35.687065321289516,139.70321145775387,14
35.692602508436835,139.69668781752247,10
35.690437742719915,139.70130761827681,13
35.69320702091695,139.70022122491622,10
35.690302576634856,139.70147790173945,22
35.69443831571596,139.69707875488857,0
35.69133477006456,139.70087543068252,16
35.6929493814734,139.70007767713292,5
35.69400274480749,139.69550672917967,21
35.68816573336087,139.7024498672499,2
35.689898937786616,139.70011631530633,11
35.68850856587736,139.70463058197032,7
35.69065555567008,139.69939864150078,5
35.689368098481765,139.7018312589715,10
35.691635524254124,139.70205848504196,12
35.692397431683176,139.70225770234353,0
35.692393380589316,139.69857282100554,12
35.69036327688992,139.70111611069808,6
35.69123085130462,139.70185100143814,5
35.69468420914596,139.69718013445498,20
35.69418706579586,139.69946654085928,12
35.691640065138174,139.69739465459662,21
35.69530951491852,139.6965257627211,8
35.69294465769614,139.6970263779904,8
35.689059922255495,139.70036771938896,5
35.69062879480674,139.6997886772208,1
35.69000878149989,139.70033815991604,17
35.68711064800692,139.70437828409362,23
35.69445838581984,139.69805166097686,3
35.69085633298026,139.6986110105872,10
35.68919181493068,139.70121817280037,18
35.688442079036804,139.70422113107853,21
35.6910443434673,139.70122664153538,18
35.69311653895424,139.69759663232665,7
35.69268462437169,139.6969337650681,12
35.69194402997368,139.69986274649236,8
35.69097125374991,139.6991064923748,19
35.68774575186859,139.703041368544,8
35.686411052717084,139.70448010879196,7
35.694568379333695,139.6986041208896,3
35.692635277865485,139.6967899292799,19
35.68898944207829,139.70425996350235,14
35.694759233239786,139.6991464408704,12
35.69050248736109,139.70008421762356,2
35.69322336413084,139.69845089137522,2
35.69310719780348,139.69663708858667,4
35.69168213000153,139.69960910061835,19
35.695512034130964,139.69813617288307,22
35.689212784389134,139.70348059871293,20
35.68782090671499,139.7033958197811,18
35.69045510565345,139.69949663904245,22
35.691281966457524,139.69957853047097,12
35.689926207562735,139.70195217794588,22
35.68602177475063,139.70304693490206,17
35.69025305482875,139.699383439121,4
35.687498630728335,139.70158194007803,18
35.68882145442925,139.70304561642934,23
35.6939842575666,139.69853374610375,11
35.691991812145645,139.69684302152487,15
35.689910042207444,139.70036499239,7
35.6910816742729,139.69964109516047,18
35.690522657923054,139.70111728358117,12
35.68831256217346,139.70340710541544,3
35.69134477380783,139.6995743463172,22
35.690470534856495,139.7012830461277,22
35.69312068379658,139.70040882813828,18
35.693107678997485,139.69782560368165,10
35.68787110081588,139.7033406541364,23
35.69050745744177,139.7010921195051,21
35.6919294574816,139.70127231538004,23
35.69476536609303,139.69948666366426,2
35.69069627287196,139.70220651621065,5
35.69143914411795,139.70137836993777,0
35.69150309468495,139.69954946472126,8
35.69067034273127,139.69846476941518,15
35.6912788105295,139.70077782922124,19
35.690749535600176,139.70106766079266,13
35.69211819471175,139.70145736830537,16
35.68721904480814,139.7025762245444,17
35.69183312807234,139.70017727929923,14
35.69329615906926,139.69741769243046,17
35.692114571731885,139.69879328540517,2
35.691858719428325,139.70074190502126,1
35.69297543298623,139.69935220267888,19
35.69132406686152,139.70043944704824,14
35.686631731061276,139.7017467043727,1
35.69075833021464,139.69914056738958,22
35.6941430929696,139.70270791625063,5
35.69074897404615,139.6997609496029,1
35.68821482650612,139.70243821750518,23
35.691226049790764,139.7001349629397,20
35.693931453834,139.69887819546375,10
35.68924463111859,139.70011449630303,1
35.693702326814886,139.6985420899248,5
35.691758618398076,139.6999319359975,4
35.687771661664705,139.70361980910752,8
35.690103060739546,139.70304814398577,9
35.69018531932301,139.700921279905,5
35.691494778595825,139.70076816169507,6
35.690780058726375,139.70114040712238,23
35.69243514159527,139.69720578300138,10
35.6917659266183,139.70140146862553,9
35.69339351211682,139.69754620751485,17
35.69256201039627,139.7000677422553,10
35.69360343812931,139.70004207604015,14
35.69160417712248,139.70152111487994,1
35.691177358461964,139.70037772102083,23
35.69414726748644,139.69614127262892,5
35.69114827393291,139.69877440063334,13
35.691924498948865,139.70011387640997,20
35.689138908754074,139.70311003309004,14
35.68657884685986,139.70248286291957,18
35.68956083826446,139.70055974336705,21
35.68912893144691,139.7008715423804,2
35.69260123277547,139.69599705097934,10
35.690884082154994,139.7013160103198,8
35.692125258737086,139.70053348674546,15
35.69202569281602,139.69920086276565,14
35.693115204465826,139.6982886321509,23
35.69253926112167,139.69680325319007,1
35.69108106274277,139.70170327803731,4
35.690807658637006,139.69910921113384,20
35.690697082536985,139.7006203518293,21
35.6935078801847,139.69767438894786,0
35.690909226434144,139.70165888337328,16
35.690260769438716,139.69950911038805,14
35.69316142001926,139.69957994010795,18
35.68996585228689,139.70101395840828,16
35.694945864659644,139.6980163156017,8
35.68990613732517,139.7008201915429,20
35.69221415181135,139.6999583947766,5
35.690396495838115,139.70030537620735,12
35.69311718281039,139.69787627105373,12
35.68803372539176,139.70488308225308,0
35.690380190138754,139.70316116616948,15
35.69022988479954,139.70157171791473,14
35.69493454020872,139.69938398049118,0
35.69117899179475,139.70126181680322,17
35.69278999489732,139.70108213596674,5
35.687029875739626,139.7026024422345,1
35.69141356842735,139.7022670371088,16
35.69136044050758,139.70032715283295,14
35.69187888955856,139.69902825687075,23
35.69165511924397,139.70290461668029,16
35.69077046859228,139.6990147429105,1
35.693833012047115,139.69565502961692,12
35.69219606306178,139.6992928431832,21
35.68813087411995,139.70226136780636,10
35.688142809392446,139.70242224949186,10
35.68947114276345,139.70062188350877,0
35.69089295501452,139.70018439042144,23
35.69137291708452,139.700186527864,20
35.69537557146003,139.69961906848113,10
35.69056367763142,139.6988461658143,23
35.692572435647136,139.69906927945758,12
35.689802631681026,139.69892307507246,16
35.69617797727617,139.6980646944391,14
35.69065967176257,139.69873013233334,4
35.692853303255745,139.70027126466047,13
35.68793592223585,139.7035362909095,20
35.69168920239944,139.69848306335928,11
35.690358874627464,139.70146687008838,10
35.6885066040275,139.70345085686648,7
35.69229345452752,139.7011105491023,15
35.687630469153746,139.70295839154227,21
35.692945662032685,139.6999399883915,6
35.6922254321091,139.6989931849905,15
35.689758709595246,139.70105706006876,13
35.6919094717886,139.6995550585614,12
35.692655883382834,139.69774385940596,3
35.69261584152006,139.69541158336781,11
35.69094235213077,139.7009492151825,13
35.69055357349399,139.6987884326409,20
35.68875268231529,139.70181253459828,15
35.68682063087837,139.7031722543864,13
35.69501871835272,139.69865839251193,1
35.690648510742506,139.7014943397864,18
35.692149504900705,139.6990672226025,5
35.689571420342276,139.70038865481024,17
35.68900800400429,139.70245039541533,20
35.69030302571328,139.69800969563252,15
35.6921472714622,139.6983874318716,20
35.69099697017676,139.70025571205736,4
35.69322000669813,139.6967209692638,4
35.693814479472486,139.69983810070798,14
35.68756795623503,139.70227269193722,20
35.69158118565012,139.700902019271,5
35.691310532014406,139.70128028507898,2
35.689813374823046,139.69950388497156,9
35.68804930833152,139.70376883967597,13
35.68931429501052,139.70313166943464,16
35.69313292959402,139.697295177829,18
35.6928050340087,139.69797217245537,9
35.69310280468385,139.69689773025956,21
35.69108456435254,139.70128917172354,18
35.68807698314141,139.70312407272573,1
35.690352716350134,139.69939158006906,10
35.69226256285271,139.7020406145635,8
35.69191389834118,139.6973370212199,20
35.69171683870963,139.70099476491478,15
35.69282344579482,139.69962538502998,21
35.69425346145166,139.69861724045435,11
35.691450787735114,139.70020532333766,23
35.69198507572463,139.69719893300962,5
35.69105354863832,139.7005425038226,21
35.691496862181076,139.70016769550625,5
35.692543378155804,139.70076064789143,23
35.69208135922325,139.6992006228846,20
35.695890766164766,139.69837709209375,6
35.688195608368396,139.69977011544765,23
35.69321989547582,139.69962263753806,11
35.69018493677936,139.69979009923713,13
35.69308344237016,139.69911979035075,9
35.687015006874184,139.70319868000956,1
35.69205794045814,139.6961227758932,22
35.69207754472477,139.70018742137202,17
35.69067489980024,139.6995576291943,19
35.69306993658808,139.6989763173631,21
35.69221685499156,139.69931728280778,7
35.69062368036487,139.6995839621046,9
35.6910860133782,139.701460592336,0
35.6950985381121,139.69880212845862,3
35.69135751649013,139.7012602629714,18
35.692851689729856,139.69717567698794,15
35.691416946515744,139.70017848673706,20
35.689664162258644,139.70057437538568,21
35.69272961706128,139.69676986175625,7
35.69160070061212,139.70321465444448,11
35.693739489468115,139.69839964910543,17
35.69227004366117,139.6987671221615,1
35.69048538425022,139.70134400614268,22
35.68946219593872,139.70344863576452,14
35.69382893289392,139.69884031912758,9
35.69252461976483,139.6989360356545,13
35.68990830333656,139.69976711972512,6
35.69426369771585,139.69912737401046,14
35.691472006278296,139.6996952715644,0
35.691564955457736,139.69941183665233,4
35.68798735618766,139.70312600051903,12
35.6905116530617,139.70009438088894,15
35.688398443863356,139.70343723109755,9
35.69084123528772,139.69989498314965,4
35.688343682132526,139.70054144051292,19
35.69463955553603,139.69761263803545,4
35.68737210666222,139.70010816740105,13
35.69334103046073,139.69710714535913,20
35.68923475191405,139.7019680447579,7
35.692636965092916,139.69637706699731,21
35.6925195925902,139.69691065000342,3
35.686994146435254,139.70129069030472,1
35.69060575749436,139.70175658338582,20
35.69022375879176,139.69930563520245,8
35.690602357426975,139.70297107015662,12
35.68719255777493,139.70200204471297,15
35.687854748705746,139.70267944041748,9
35.692358204488386,139.6992365383681,16
35.69289235365463,139.69786268903422,2
35.68979632392649,139.70379698218272,16
35.69200449498544,139.69979834759783,3
35.692764798965236,139.69965620825207,6
35.688119296705025,139.7029330400967,7
35.690618197619315,139.70049849834803,14
35.693444079551476,139.69833795752825,1
35.69079332431806,139.70154925935003,15
35.68978587112431,139.7032970557715,3
35.687849359279724,139.7033224159827,3
35.68879473921706,139.70407968120472,17
35.690839596270806,139.70152778025064,16
35.688625148863515,139.70337921565684,22
35.68745563641849,139.7039313409232,20
35.69063135424669,139.69856364021624,12
35.689194160182524,139.70456537267458,13
35.69050705799819,139.6996789499705,19
35.69464162886433,139.69755784502976,22
35.690890711438435,139.7007069810727,12
35.690828462787934,139.69975667560425,9
35.689927847601794,139.70138231948275,20
35.69338626142682,139.69807186416446,16
35.690421241428474,139.70075947579755,19
35.69219122168792,139.6999343885279,18
35.69129579884871,139.70066355081195,10
35.68919188060539,139.70303769488797,9
35.69439628396013,139.69802116814444,6
35.694597300187546,139.6964343519684,15
35.6909108787582,139.70096106708402,19
35.69447277439662,139.69811785865227,4
35.68824365722371,139.7019097915932,5
35.69418789996799,139.699640728941,9
35.69010621347598,139.70054935620146,2
35.69007530013964,139.7017334884995,12
35.68714314813487,139.7018739460391,12
35.690818048214936,139.70149082266786,15
35.68784031481251,139.70343006568717,12
35.6946378058227,139.69740898682647,1
35.68817865548102,139.70343508439797,21
35.69317953745024,139.69802476353811,14
35.68992837356581,139.70334955210163,18
35.69122445860435,139.69859613720743,16
35.69342361036373,139.6978524804354,23
35.69105028863157,139.70233194037476,18
35.68932911854287,139.70175557293572,23
35.693677379170914,139.69590012676778,18
35.68926376684606,139.70200358401684,20
35.68802521086754,139.70145688177206,14
35.6932028910528,139.69766335339565,6
35.68799553560342,139.7009914155093,13
35.69112505538921,139.69994284003644,6
35.693139968503004,139.69852420417092,7
35.69253157173765,139.70102194581096,6
35.68992115216167,139.7001046053813,8
35.69051900359407,139.70094627360956,18
35.69165951488748,139.70010824136773,19
35.69162109279649,139.70007188466684,1
35.69285085180237,139.7006711070349,22
35.690594733947634,139.69996932669983,22
35.6907678634111,139.69987626869724,0
35.688078793018214,139.7031673624535,9
35.68957907469394,139.69827631698269,11
35.6920593810433,139.70137310156102,22
35.69325002508136,139.697997990345,17
35.692409131013406,139.70100560623263,1
35.687860949680214,139.70420509565346,2
35.69367906542927,139.69844257235357,18
35.692106608154866,139.69887283214342,23
35.689907444386236,139.70133403375996,18
35.68964978368624,139.70228151948024,12
35.68669263021777,139.70140212786552,3
35.69067561789011,139.70142110157292,3
35.6923628212242,139.6971071704027,11
35.69004334936859,139.70025788853883,13
35.687590691525905,139.7040059245118,16
35.690343071192316,139.69973996804327,16
35.686278824174714,139.70208385848343,10
35.69333499263863,139.699082683517,10
35.692904465064814,139.69890053307734,11
35.694431934542315,139.69909665226876,6
35.692040313415,139.70289886738618,9
35.69137303828216,139.69975442792796,15
35.691030515613,139.69869148149678,6
35.69108413277302,139.6991202020139,19
35.69284610161167,139.69802731337987,10
35.68909141404282,139.69994924789083,5
35.690917455465254,139.69905589718383,1
35.68775092815535,139.7013271060987,6
35.687592322388426,139.70116649045602,5
35.68739703509985,139.7033179083841,5
35.68860468409695,139.70270018654304,19
35.69120740356972,139.69957538774958,7
35.692758977694446,139.70138217898676,21
35.692887943773535,139.69875651809855,17
35.692827514403994,139.69822327083594,18
35.691296199400384,139.6985916435676,9
35.68771899468597,139.70280193350249,5
35.68852834063914,139.70244206965293,4
35.69178877311701,139.70076119974377,12
35.69427111775146,139.69930562676157,12
35.69309375755113,139.69738316912287,5
35.6946688435574,139.69758761560522,20
35.691414883596075,139.70121992525264,18
35.68709730033578,139.70394692846835,18
35.68952644360807,139.69798700731192,23
35.69122087651118,139.70023543903037,0
35.68753704389739,139.70160772381914,5
35.68848730523705,139.70407192986522,0
35.69096310845631,139.70407565746882,6
35.68875959619089,139.70380811056177,19
35.69338477576745,139.6976150571116,17
35.69364135352661,139.69733550131855,9
35.69079570148862,139.69976526810973,5
35.691100459631414,139.70100890535625,11
35.691574728546065,139.700240434718,14
35.69083186088621,139.70063010117346,9
35.69453893676144,139.6985305025742,20
35.69215540360946,139.7013458696437,11
35.69073352261305,139.69993020330537,14
35.69057801563354,139.7005088037097,4
35.69392913286152,139.6972832911711,12
35.68911884158553,139.69816953198088,20
35.68839022078432,139.70360858464537,5
35.69121085819079,139.6988213247981,5
35.69145188597182,139.70108023020842,19
35.695964212441,139.69832676447766,17
35.688596758646305,139.700976346022,14
35.69200835508351,139.70120477052188,21
35.69300503451963,139.6975024275017,21
35.694074320494074,139.69787321740563,8
35.690995735833866,139.69980667511038,13
35.68793764535803,139.70349091534894,16
35.694688596823084,139.6998493621414,22
35.694172359208885,139.69831973391447,9
35.68713074764479,139.70265703483383,13
35.689054731334984,139.7022099391274,0
35.69352486848402,139.6971812358928,21
35.68898178094696,139.70135407615356,5
35.694567416953035,139.69855369992527,21
35.694137719497185,139.6984499002294,15
35.693024144663404,139.69793069797063,12
35.69230547706024,139.6982858032868,13
35.690199422173485,139.7010814693854,11
35.68797697754157,139.7023665710358,23
35.688420699631024,139.70242207922317,3
35.68966347966365,139.70107550999768,15
35.686120903816736,139.70393095928588,0
35.690094828248256,139.70147684814467,10
35.69074132649452,139.70165236709667,11
35.69399715482835,139.69770569499013,4
35.689574812695845,139.70094403785677,19
35.68865776317615,139.70293046771377,12
35.68707207870055,139.7024093254381,15
35.69297022352916,139.69902625642627,22
35.690722082124196,139.6994871890807,0
35.69071950834101,139.6994735109353,23
35.69235644054024,139.69854164568787,20
35.68714540956535,139.7030930296196,19
35.69301229462705,139.69907433300477,8
35.68962760502279,139.69976945690428,3
35.69453389078907,139.69946707163504,6
35.693922878846756,139.69522577982403,18
35.694000831591005,139.69712152619866,13
35.6928445939936,139.70005453135286,6
35.69259739601314,139.6972652937441,4
35.69328616257686,139.699312773118,6
35.687114509113414,139.70316188818623,9
35.6915371690707,139.6990617933445,3
35.693372537031784,139.69776226492297,17
35.68704102375647,139.70387291834734,23
35.69154732561146,139.7014445612758,3
35.686994398624314,139.70336016418395,11
35.69431880377574,139.6981579576028,19
35.69021366315307,139.69955659845155,13
35.689788161776264,139.70115566852064,7
35.69495211769918,139.69801414926496,21
35.69097361650963,139.70026233616963,2
35.69321524137151,139.69750123481282,2
35.69024423625729,139.69958831889969,8
35.69232303788723,139.69982054390795,12
35.69130433547763,139.69948770503683,11
35.68731630221475,139.70376429808096,12
35.68781173866492,139.70419311294586,11
35.688167107003146,139.70303839400825,1
35.692886412394635,139.69819624094066,5
35.689206915184165,139.70109573749852,2
35.694845381247625,139.69789159520712,20
35.689764838170966,139.69879376223253,16
35.69068403947965,139.7013374774925,1
35.691235526225626,139.70019453498037,17
35.69016673490651,139.69973019664192,7
35.69411412927945,139.69713080602145,18
35.6949419450058,139.69748762575932,7
35.69122930914525,139.70054029341068,18
35.690660407675345,139.7004087634849,6
35.68737072720923,139.70343744107768,4
35.690012670541144,139.70117179617725,22
35.68974491090956,139.69998009699714,7
35.69153990340098,139.6990841142577,4
35.695337238392774,139.6994719063991,14
35.69388638265385,139.69883776422157,22
35.691015116069785,139.70014412618409,20
35.6894353031263,139.70171481464484,6
35.690598861218184,139.6983664986659,16
35.6943139808602,139.6981286174504,13
35.69248054184061,139.70107845915302,9
35.68868900314404,139.7024814483928,21
35.690945563881144,139.70102340713828,2
35.6916811861948,139.7006686187104,15
35.68720037017584,139.7027522861575,12
35.68957980976417,139.70022876104355,22
35.692934423632124,139.69752868427886,1
35.690576490780415,139.7003191204271,5
35.69222857947142,139.69896880377743,18
35.68848026050141,139.70194489232452,10
35.69072134788097,139.69855372674064,0
35.68903255681236,139.7045639001449,17
35.690921692055525,139.69945362201264,4
35.692371034690815,139.69970050477983,22
35.691346893577645,139.700788574362,15
35.69284778651007,139.69639490503596,9
35.69069617687488,139.7010470983933,16
35.68791728497611,139.70324309172767,1
35.69062650569947,139.70146394344624,2
35.689275093021884,139.70379087011221,15
35.69102631419948,139.6999308691458,17
35.689285385279014,139.70237441936231,0
35.6940773635251,139.69787134055366,5
35.692948542691646,139.6980241032265,12
35.68920994925856,139.70410228937493,19
35.69410412050598,139.69745234189463,1
35.69406630653874,139.69744488626367,4
35.69098127842206,139.70036210691828,2
35.68892292902609,139.7014841330875,0
35.687320956817445,139.70146749372608,18
35.694222826894986,139.6981117991582,6
35.69181962360808,139.69905453576337,19
35.68886699926433,139.70251234970948,5
35.6900871209691,139.70076328538988,5
35.691882656907275,139.69985652724117,0
35.6936347074681,139.69788149127828,11
35.69014771999549,139.70059480491517,2
35.690109118208305,139.70043400809624,21
35.69118952020931,139.69949914509357,19
35.68780032947721,139.70052865294795,21
35.69356326315481,139.69911017394094,19
35.6900317390384,139.70049781329308,11
35.6933723219277,139.69808025098973,11
35.69129177652235,139.69973913923778,17
35.68940274235482,139.70168093957668,17
35.69030911263757,139.70068822913035,4
35.69168117385661,139.69943361593073,23
35.69043082580054,139.70163424781543,3
35.6899055714782,139.7006495481896,15
35.6924912579546,139.69787170100554,22
35.691154580432645,139.70150563851004,0
35.69414558771217,139.6980193812377,13
35.69047985153491,139.70385998144027,20
35.69022498936609,139.69718207290643,22
35.690456679229726,139.7002390636452,7
35.68920932837239,139.69942150045412,21
35.689394697938994,139.70081864802083,2
35.691534903811586,139.702791554821,3
35.68821964516029,139.7026893930851,16
35.69084813113623,139.70026366915755,15
35.68884964254271,139.7011391804947,16
35.69230251931389,139.6992053267323,15
35.692639515926615,139.69718902436608,23
35.69445300159277,139.69707570754116,8
35.69232730536429,139.69998056524733,0
35.69101548828314,139.7004577740067,12
35.69314487834451,139.69841482448206,21
35.69135889139636,139.69994751944,23
35.69029803338563,139.69954198911137,16
35.68931681267103,139.7005144759598,15
35.69112047232077,139.69940372790373,19
35.68919216207386,139.70073246808377,8
35.69176877250059,139.6992136635729,18
35.69328238181983,139.6978337311063,10
35.69355053634279,139.69948980263158,22
35.68821697279004,139.70205248552634,10
35.6922508523307,139.69974632085936,17
35.69029568171872,139.69941181407677,19
35.690701515541484,139.69951810337847,17
35.69144555977801,139.70035309244892,1
35.69293815790065,139.69847936095343,17
35.69082402892054,139.70002750812014,8
35.68811026751859,139.70361676109317,11
35.69144612835319,139.69960650354167,23
35.69437074664459,139.69894881309648,18
35.69341735353197,139.70009975839832,19
35.68695346265352,139.702171083566,12
35.69208814829168,139.69776123728013,2
35.68814693529839,139.70247786842998,16
35.69094460772443,139.7016570797685,21
35.68615499199357,139.70378559113016,14
35.689559927928876,139.70083221669077,6
35.68774998531407,139.702117789204,16
35.69327789003807,139.6976253460322,23
35.68899378221453,139.7043739143852,1
35.68994451350273,139.70076933102115,17
35.69307527778386,139.69849996669225,7
35.692728228042604,139.69960952066577,1
35.691785545946274,139.6981568442437,19
35.689886970488374,139.69871277625006,23
35.6916081644548,139.70073114650918,20
35.68921149481193,139.69927995257754,4
35.69060099503792,139.69989083223007,7
35.68662338570168,139.70154945022676,4
35.691544518491646,139.70132824569134,6
35.687188078340895,139.70272548770046,13
35.690699919434195,139.6998074981062,6
35.69072270657681,139.70039759844974,11
35.6930785222527,139.69686895762572,19
35.693069684155354,139.6969943540136,7
35.69256373283214,139.70070524312652,15
35.69230381312976,139.69769319648555,12
35.69415282387552,139.69888211377207,11
35.691855937475765,139.70053865262548,14
35.68909654711823,139.70080874614885,20
35.68792760237597,139.7040261420444,21
35.69350314772691,139.69922999036845,21
35.69051462999935,139.7012808673307,11
35.692107351242214,139.69928337916505,8
35.69032799756174,139.7023906760172,9
35.69264813706912,139.7014400618199,4
35.692298530274705,139.7019968497946,5
35.691388927239636,139.69994369696747,18
35.687270224716826,139.70301481923156,19
35.69382685540061,139.6966107012698,4
35.69358438819433,139.69705414733863,9
35.689765719546855,139.70024826624157,2
35.691910162453524,139.6991893170142,13
35.689960536758015,139.70151924491756,10
35.68693682664426,139.70341463289523,7
35.68882770731383,139.69944807985976,7
35.689231380936185,139.7013295828607,16
35.69345839068901,139.6990013065371,21
35.68997353298176,139.69943987126135,16
35.6940648423586,139.69963579780614,20
35.69114992902626,139.69983851697523,18
35.69101471170931,139.7036265948,14
35.68788519775124,139.70356677172617,11
35.69054505376979,139.7009022912254,10
35.68944237551338,139.6996883404226,20
35.694308036189405,139.69715193440197,7
35.689465576384364,139.70252217162263,11
35.69163282908182,139.69912576788093,5
35.69318865211289,139.69922780343344,15
35.69325986108598,139.69902971289554,23
35.69509832180764,139.6987335478135,6
35.69034455520713,139.7004218657422,22
35.69321239526582,139.6994909368272,7
35.68698536362503,139.702341556834,23
35.69099183575827,139.70129639008735,17
35.68907381415058,139.70144735174244,7
35.68928807572485,139.70301450899927,11
35.68968558232622,139.70085623879737,15
35.688291044032866,139.70500422877427,22
35.691631000626785,139.7009384349572,15
35.69143334555914,139.6994847935877,18
35.6877428069554,139.70138658414734,5
35.69115551775664,139.70040434086505,6
35.69399909581614,139.69630772916835,7
35.69240801227379,139.6998795610146,13
35.69332337824604,139.69688702268886,13
35.688825513648986,139.700377965136,22
35.69078467940021,139.701209887817,17
35.68767426954475,139.7037405453659,5
35.68922814338686,139.6996815686674,3
35.693361487755396,139.69757610995768,11
35.69064412547754,139.70018780053513,6
35.691597930351456,139.69675011068878,6
35.69093139586553,139.7020075783064,11
35.687307134876534,139.70294554086055,5
35.6900107563111,139.7005942614097,4
35.69150952604521,139.69884462626615,21
35.6900030276959,139.70124958526455,11
35.691090425355064,139.69971423159217,19
35.692506410484405,139.69813592456723,15
35.691930587740984,139.70140303897875,7
35.68895629500209,139.70532467330585,10
35.68979310959545,139.70236279624336,21
35.690353902024384,139.70052599894748,16
35.69349907337377,139.69747857795593,23
35.693952064010155,139.69679078546952,2
35.69163771288005,139.69932608279134,16
35.691789153824786,139.69927824889714,16
35.69088049547146,139.70105981828596,17
35.69310481016697,139.69897003707368,16
35.69420612854911,139.69919074611605,9
35.6923051700556,139.7001586572276,8
35.68840023585553,139.70320165290514,4
35.68872771193387,139.70521529553096,11
35.6937467213887,139.69700470330622,17
35.68683818892364,139.70127049760038,14
35.690860105616245,139.69899576043375,17
35.69215677687836,139.70037164107075,16
35.690624361233944,139.7002584069519,6
35.6895194012941,139.69996384455848,3
35.694459357359506,139.69786197672457,22
35.68734968432014,139.70361037369972,0
35.69099031669152,139.70013541575312,3
35.691049597957516,139.7004978271747,22
35.691515570921496,139.70018015629623,23
35.688520501883076,139.703426103131,6
35.692248386371986,139.70111203172098,6
35.69280764922576,139.6973409607251,1
35.69098870623905,139.7006315299038,4
35.690475100910795,139.70145802238812,12
35.687600177059316,139.70353585033502,10
35.68787571422284,139.70278861577017,5
35.69017642007636,139.70039947747634,1
35.686777823934854,139.70341971082036,16
35.69156636295899,139.69869675914302,6
35.68685210908814,139.70376126429116,9
35.688969147060746,139.69972570970742,12
35.691622776073054,139.69785115248484,2
35.691694600382945,139.70137362224943,16
35.69250795643922,139.69744630484686,22
35.6898901699239,139.70097473624648,5
35.69144968318629,139.70220143009928,4
35.69212615636755,139.6996130684498,6
35.693960054341446,139.69822650535212,19
35.69156678534467,139.70020608145808,2
35.693131060560965,139.69821380879395,17
35.686074541781664,139.70225106730675,12
35.69067197197021,139.70183882637946,23
35.69440929722635,139.69952633272842,16
35.69005356569854,139.7013256722095,13
35.687878871874055,139.70390748758624,20
35.68919083644481,139.70162975513057,10
35.690910936065315,139.70006221252405,9
35.68810716991526,139.70192148725863,23
35.68736671481466,139.70358607903435,12
35.6936631984595,139.69758176721444,17
35.69005567155121,139.70104237259164,14
35.695284775039184,139.6980134503646,15
35.69014368665255,139.7033458366578,2
35.694820750127825,139.6981693750513,3
35.69053284148004,139.7002166656565,11
35.68980760850777,139.70350615765545,10
35.693703787553204,139.6993129150397,12
35.69571239063759,139.6983916402399,23
35.69313319384665,139.6995126076099,8
35.69519409807841,139.69711402699176,14
35.69087324875443,139.701856328472,2
35.693494608500274,139.69710638549836,12
35.691719373268135,139.70082388948245,6
35.693220401713255,139.69663762048017,8
35.687453013916546,139.70232491242103,1
35.68971185161895,139.7004718329077,9
35.68843523813719,139.704672046882,23
35.68892532910541,139.69965092078334,19
35.687355182378475,139.70398249433913,3
35.69469108585477,139.69718139497334,17
35.69282911326411,139.6988891027786,23
35.69289493321189,139.69873400038483,23
35.68826368948707,139.70422222770836,15
35.68956413759583,139.70112413655932,1
35.69301441483431,139.70077516901407,16
35.696340886393,139.69963370101735,21
35.68652951044877,139.7017372302243,10
35.69410516864972,139.6974084733217,9
35.69417720852135,139.69692044958836,9
35.691722717374496,139.70162438167011,23
35.68644592400203,139.70445526049372,16
35.692473734216556,139.70085668801073,19
35.693018539223466,139.69659671340335,13
35.69291369891733,139.70096225028317,7
35.69087613159599,139.69826976640422,21
35.6904695623073,139.70007185415517,6
35.69007851514338,139.7002301803145,14
35.6927410293011,139.6970212591637,0
35.692299696138974,139.70076664981215,7
35.69071981916863,139.70177147478213,17
35.69087003493351,139.70022423439607,23
35.69112328091325,139.69920160787504,12
35.69107517494931,139.6994347236604,6
35.69109839351718,139.70039081764662,20
35.69507973307753,139.6975781888206,2
35.69189047901692,139.6973026908493,21
35.69606950615243,139.69853888105604,23
35.691156170605694,139.70159331100592,8
35.68989447998548,139.69942375354856,18
35.687349703007214,139.70315204933104,1
35.69315281350489,139.69877080222,15
35.69229633060744,139.70045162650283,15
35.69064802681284,139.6991960618692,7
35.69169980629282,139.6987005810549,6
35.69062519769525,139.69819875652655,0
35.68935868812192,139.7010756099615,19
35.693907956909754,139.69835502561793,1
35.691764946394564,139.69706822532902,19
35.691867985114975,139.69709505216707,15
35.69262387027284,139.69714219980744,22
35.687371514293694,139.70270736937968,16
35.69367465468064,139.6971217191877,9
35.68857451734062,139.70081356677426,16
35.690411113880955,139.70198894032845,20
35.68962186685982,139.70065871013347,5
35.69078850921287,139.70184180532902,4
35.69355332166843,139.69733061746535,2
35.68784296330941,139.7048534107979,9
35.69007332232086,139.70117010356657,1
35.6869333172967,139.70304998603535,0
35.69158662819194,139.70024884771337,12
35.68642570265145,139.7019993976189,9
35.69225101575249,139.6988874710347,20
35.691566126468096,139.6987568597349,17
35.690544883434555,139.69910036233014,3
35.68836240212432,139.70059296770276,3
35.69100285857793,139.70054934191106,16
35.69092042551892,139.699417948658,15
35.68845650233517,139.7027494396314,6
35.69160723782241,139.6983114908588,12
35.689757627509096,139.69930809730428,8
35.69350397495652,139.69859247798414,12
35.69263658469518,139.6992281375993,1
35.690694715980506,139.70151854994427,1
35.69083987928614,139.6990637904995,4
35.690190568842674,139.70104459543242,22
35.69205861036674,139.70051656234924,14
35.69252023805225,139.69760378965773,1
35.69104290938764,139.70253177008206,17
35.694001923158474,139.69865690787896,16
35.692043318558675,139.69757840593746,18
35.691251955365935,139.70138000418456,2
35.69418793297205,139.69738701672873,18
35.69169001466828,139.7001594299678,11
35.687302383549394,139.7020459455459,10
35.691679834114076,139.70155423022473,11
35.686650226930624,139.70476816929306,11
35.693323952503974,139.6981965567777,19
35.69289923969633,139.7015399751145,12
35.692333487691556,139.69954705011892,8
35.68897604071936,139.70439948642698,5
35.69366257986674,139.70016122418318,18
35.68792148469917,139.7023544194575,12
35.68909018347102,139.70225190393538,9
35.69010114769894,139.7014571367688,8
35.69128934239422,139.7012262494227,19
35.69330570894938,139.69760368170282,23
35.690526631575,139.6998998021829,14
35.685380847794946,139.70170947727271,2
35.6889994578551,139.70291783911415,13
35.692859837254744,139.70085061304943,10
35.68888737808348,139.70049945189692,11
35.69212611088241,139.69896727297507,22
35.690488975063495,139.70142162298407,14
35.686588744994836,139.70286320309523,13
35.69276738990175,139.70140897919913,21
35.692662758106394,139.69747759488308,19
35.691065403660296,139.69901798243131,7
35.6921471765749,139.69685665271393,22
35.69039427399707,139.70157669699316,12
35.69327289399222,139.697858242446,13
35.690688216389596,139.70127872341337,17
35.69324792403409,139.69867203494567,14
35.688723966519596,139.70181698877596,10
35.691404581814474,139.70102653836335,23
35.6915141129672,139.69814538912172,4
35.69119925199326,139.69972163775387,4
35.6942534194635,139.69738546121633,6
35.69504917031578,139.69879012621263,20
35.69425025144597,139.69715029670243,17
35.69073958061802,139.70290090049792,10
35.69162507313998,139.70184351289953,23
35.69394051960638,139.69708103087896,9
35.69165817830835,139.69906000893042,12
35.689223948753146,139.70280237953222,17
35.69048517529173,139.70104350517406,20
35.69514039728093,139.69681847683833,17
35.69072737086571,139.70103867713988,19
35.69153950651261,139.70101724086678,16
35.694554777814275,139.69796397896425,4
35.69319113503956,139.69611029535724,8
35.68695447051433,139.70297373920673,0
35.69307371013955,139.6986553497597,15
35.69289369056674,139.69945501284926,14
35.69307132520312,139.6980929302341,1
35.693641291027404,139.69791422348484,22
35.68992007442522,139.69844266141087,3
35.69072533105989,139.70042529069934,19
35.690255659732976,139.69766085979387,18
35.68647973391911,139.70394808438743,8
35.69089264534635,139.70060193220107,0
35.690560154958156,139.69951550718133,4
35.69130943853064,139.70012332822827,7
35.690752901647805,139.6984262349524,8
35.691386168597965,139.7000747010757,6
35.69261368050963,139.69868943362002,2
35.68962904827891,139.70002142025677,19
35.68732901653551,139.70402150189767,14
35.69108379937299,139.69998561020805,22
35.69453860606921,139.6980931583377,0
35.68783161507753,139.7026739875042,17
35.69341514095501,139.6981738011649,7
35.69256003217085,139.6984766510408,21
35.69151224001491,139.70079809477934,8
35.69157139737134,139.7015787963278,20
35.69275950989367,139.6988648244385,2
35.68884265771026,139.70327161891947,12
35.69327602766356,139.69751132110972,18
35.69318050992943,139.69854287334812,13
35.691490265534696,139.69809439856348,5
35.69166050611958,139.6986570524695,1
35.68800478168814,139.70037958785673,20
35.69336907419488,139.69912823978328,23
35.689094117459085,139.70245342368776,18
35.690307814038036,139.70245849195481,3
35.691912966238476,139.69800858813852,11
35.69049590065113,139.69960301066826,3
35.69176973726952,139.69933388574552,16
35.69123299948123,139.70020299851822,17
35.689581031501696,139.70042010646688,6
35.69317330738014,139.69853301143468,4
35.690751052705096,139.7009086578043,6
35.69249307263905,139.6980478253198,8
35.69341547769098,139.69612300660455,6
35.68754363761987,139.70449116831423,6
35.689631863195025,139.70023174086552,15
35.690628564664436,139.7005928078384,4
35.69118539937672,139.70053999374264,14
35.687600100009895,139.7022548322297,21
35.688620936989814,139.70257593019556,9
35.693337717552836,139.69797465272526,6
35.68805837029082,139.70239614106876,2
35.69263216526607,139.69850680309378,14
35.69356412809384,139.69769340563852,23
35.69175673742147,139.7007980482165,0
35.6938617619921,139.69831980971026,0
35.689569971459,139.70202587530554,16
35.68756612653702,139.7047221550978,10
35.6944972659537,139.6974519120995,5
35.69317989952365,139.69559493045008,14
35.690091338496046,139.70228963442557,12
35.691479346759756,139.70181202687854,5
35.69097469286659,139.70143499944214,8
35.693989889607685,139.70068020554106,7
35.69097589103852,139.70102266319395,11
35.68761612525867,139.70320228040762,0
35.692255233125834,139.69797351637172,9
35.691192276641566,139.7011551611351,10
35.692290972358,139.69904402965514,23
35.68946952043561,139.70130092923426,16
35.69296699175036,139.6982116619433,17
35.69298133328038,139.69885320154506,3
35.68690528112708,139.70269343295513,9
35.68899506422258,139.70065753315313,22
35.6880781200696,139.7033456221186,1
35.68862643467246,139.70292009154733,21
35.69145436839081,139.69902338490593,14
35.68869758697034,139.7021639083298,11
35.68948920030637,139.70076410854423,8
35.68802943565757,139.7018417856529,21
35.69079302853014,139.70234224559476,12
35.689529490846894,139.7040418506103,15
35.68782831492263,139.7034432380981,16
35.68703911036444,139.7035303690609,21
35.69250435218215,139.69877160710962,0
35.68976036288089,139.70200473199415,1
35.688595788064056,139.70003899077676,8
35.68960896042515,139.70072856984967,15
35.69109069528772,139.70233125309466,7
35.693718963915856,139.69715817836814,16
35.6909532121971,139.69957913997985,19
35.688822122005824,139.701883967237,18
35.69225017966041,139.69773476245953,17
35.6882712191289,139.7041606114177,17
35.69025068962463,139.7001202847107,15
35.68797731112521,139.70292869613235,6
35.687890976580036,139.70303437530902,13
35.68913555182777,139.70069100686246,10
35.693237217038046,139.69822117597874,5
35.69238022395087,139.69906920392904,16
35.69157262576087,139.70217070565073,21
35.69615700382098,139.69813818604777,3
35.68880814357773,139.700346108006,16
35.690763201760014,139.69955204694344,12
35.691620996952906,139.69985481375528,20
35.691693604803255,139.70080973863278,2
35.69000962294174,139.7010276112126,4
35.69143148238221,139.69931721505174,19
35.68577642583207,139.70248193098053,16
35.69383806691214,139.69864597216284,0
35.68662477488204,139.7028210165586,11
35.690972947378604,139.70162297567012,18
35.69015015178962,139.69947300561333,3
35.69509528299451,139.69768992647673,0
35.69217106532601,139.69941993769817,20
35.690251810852935,139.70090912599505,4
35.69359636924006,139.6969843717453,8
35.69285921036011,139.69994223621458,10
35.69202122287616,139.6996722659041,21
35.69335713341466,139.69631088754605,13
35.6904425533978,139.70051037347994,11
35.68950092157181,139.69887971320776,16
35.693839089160804,139.69834053805738,6
35.691922448272855,139.69986656825338,5
35.69259547962938,139.70110407543794,19
35.68784803261769,139.70406014381868,17
35.69092656010486,139.7003474885309,18
35.69093604603202,139.6979021492298,0
35.68817545339863,139.70321162709604,23
35.69215761905636,139.70080605612242,23
35.69132911346513,139.7011960475741,22
35.691988614701316,139.70060946196972,23
35.69098762192344,139.7029073318996,16
35.69154589042027,139.69930095524845,19
35.69398395452042,139.69800651807498,4
35.69025749861664,139.7010837291122,0
35.691747622904856,139.6971392708366,0
35.68825370671949,139.7021027450725,19
35.68961822596071,139.7033210150082,8
35.69334215797896,139.69746391820487,8
35.69122480582521,139.70051163002125,17
35.69472703459705,139.69641939605918,0
35.694231108531014,139.6975224950526,1
35.69055014825622,139.7001973832324,18
35.69065743381797,139.70063191318258,0
35.688492883971854,139.70383360320483,6
35.69139256217786,139.69994133903282,4
35.689663337033316,139.69997329363227,1
35.69046494826762,139.7018403217728,8
35.690183426511574,139.70120959443597,19
35.688256957438185,139.70311758168066,23
35.69305434969697,139.7000538186901,4
35.69215994310964,139.69778308500958,12
35.69130875134887,139.69891797442799,23
35.69097885180402,139.70011591334705,6
35.69090250230032,139.70220906674865,11
35.69190051086776,139.69992426418779,5
35.6904549327392,139.70065562578554,19
35.69233520060263,139.69814001448688,9
35.690177314633395,139.6987396095331,3
35.69515330963718,139.6986230873479,15
35.69227930933555,139.70116803152013,18
35.69099427929361,139.69936363511587,12
35.69249040356857,139.69983085180132,0
35.68849860481849,139.70375373563718,17
35.68752485213276,139.70417351085837,4
35.68709573060194,139.70245451184556,17
35.69176352824252,139.7005714693176,17
35.69113449071798,139.70062976388718,15
35.6936916696368,139.69823877071534,13
35.68995793981642,139.69985200418125,5
35.68743651851941,139.70296684466695,15
35.69026886165787,139.70067303810816,2
35.69103789577587,139.70235660996258,17
35.689897483730434,139.70004042978198,17
35.69114945094593,139.70079922819295,3
35.69353437176103,139.69742245646842,13
35.690789208524315,139.70010851057876,12
35.69106235456081,139.6993426773972,9
35.688934444108526,139.69981288472937,1
35.68971149916793,139.69980296345958,21
35.69365123107217,139.6999630858847,3
35.689980103054374,139.70282405137604,23
35.68930653958431,139.70329020911842,0
35.694327707998234,139.6989692305876,12
35.69014485146227,139.7008863732543,6
35.69424353784498,139.69849200691033,4
35.688659153255976,139.7004056358303,18
35.6922771809365,139.7014200365069,15
35.68945868564322,139.70253280653571,12
35.690908576002,139.7007308793214,9
35.688049328165796,139.7037224469852,2
35.6925410318341,139.70078025942607,6
35.69272822535299,139.6974684141165,5
35.694033630279016,139.69968092562303,18
35.688208598599,139.7039682899998,0
35.69266557126648,139.69973694294302,15
35.6922216473712,139.69710457203908,0
35.692708861377895,139.70096076934902,6
35.69355504255728,139.69752360223941,3
35.69054632941571,139.70038503873505,8
35.6934048883523,139.69766696238096,13
35.69273425468129,139.69790558173787,4
35.693940698801526,139.6971978153302,1
35.691164254763606,139.70035966608978,17
35.68968630468605,139.70005154062687,21
35.69424617363808,139.6981167731,5
35.69073729629843,139.69952880697,22
35.692278416788014,139.70023219445525,21
35.69160623097476,139.7006279911637,18
35.68741214369509,139.70323061084878,15
35.69267478532664,139.6983921916212,23
35.69030405930268,139.7003274147896,1
35.692216855659616,139.70017358326865,5
35.6917223504709,139.69956301964555,21
35.693603001616204,139.69846287287612,17
35.69396226246445,139.6967674239454,7
35.69158508537201,139.7005211927048,6
35.689458354853485,139.7012267029744,22
35.69133531480963,139.70140101092002,22
35.695368603219165,139.6980348075405,0
35.693955508695105,139.6977834462329,2
35.690928463448415,139.70042172949098,12
35.69108506783045,139.70100441316256,3
35.69088343159018,139.70108332451153,18
35.68800099970372,139.70418280055054,20
35.69222761545161,139.7026091839667,0
35.69539219176083,139.69711628085932,19
35.69306437574376,139.6976341026482,5
35.69041100771042,139.69978426254178,0
35.69162459177872,139.7008484854542,11
35.69043836759843,139.70100966807294,6
35.69201758585894,139.6976240642801,4
35.69529278397004,139.69924897304708,6
35.69364342656686,139.6988715243861,17
35.69218536260421,139.69622742143466,9
35.692035516290964,139.7005815987691,11
35.687838045183064,139.7034384126995,3
35.692156874732355,139.69760439962675,5
35.692978414239015,139.70076241146288,2
35.68959140036777,139.70387671418638,16
35.691036936100154,139.69719840443224,2
35.69277290045982,139.69789836415228,1
35.69439583629235,139.69847148555203,18
35.686722151682936,139.70374527833008,7
35.6923784904397,139.69803781943585,9
35.689469168798375,139.69992344619857,8
35.69067284391586,139.70135740892695,15
35.68804055843487,139.70273689522898,5
35.68974911570767,139.69994500058016,17
35.68963623092278,139.69902944095793,6
35.692271387323885,139.70089453835942,6
35.693191911266815,139.70226746200416,17
35.69203106476617,139.69765762435034,19
35.6895283287551,139.70247948678124,16
35.693698979530296,139.70094867515405,12
35.69039616074611,139.70096065251957,10
35.69087219448284,139.7010799384635,15
35.68745002569987,139.70379654068765,2
35.69303693605577,139.69511567563282,6
35.69081291527386,139.70227987454942,14
35.68626587931049,139.70140674600822,0
35.687275231541754,139.70212463963892,12
35.687392497358594,139.70297150847233,23
35.6888960775895,139.70240173508344,14
35.69147986683901,139.70144768406112,10
35.69286859744443,139.69805252636823,0
35.6922669746462,139.700954092107,22
35.69017954263998,139.70258748246664,5
35.69483255146766,139.69892893201353,21
35.69415895413478,139.69755366792123,20
35.692895093236075,139.69849778830942,13
35.68999345893494,139.70157623056392,23
35.69343736289543,139.6974720876073,18
35.69063788175226,139.70330187338072,5
35.68995849840188,139.70383807696808,8
35.69051275063402,139.69930256042346,11
35.69152729120128,139.70151169853565,1
35.69029961430713,139.70053965368956,2
35.69429683294481,139.6972254753906,3
35.68722553835608,139.70261369550153,3
35.69154407707446,139.7005538911115,4
35.69229080128876,139.6980567416833,8
35.688810577920336,139.70390070771904,14
35.69396375612773,139.69922363293756,2
35.69245980128905,139.6986988156703,19
35.691475656501794,139.6978033206017,2
35.69450877867752,139.6967224725161,8
35.69146884760947,139.70065719485223,10
35.69277711479892,139.6976507045318,1
35.69212154089379,139.69873034418055,22
35.68895881630647,139.70412768629453,16
35.693626062328,139.69877798667832,23
35.69377255441352,139.69736147561204,1
35.69071490235058,139.70161212920422,12
35.691436120997686,139.6979484636056,22
35.69184545077827,139.69977800585883,21
35.69185730482259,139.70029390936466,9
35.692714894261194,139.69679911571262,9
35.68657388628286,139.70252714720704,13
35.691514912154155,139.70092870792138,10
35.692218197067234,139.69904182507852,9
35.68834904114507,139.7032739788688,20
35.69062007545768,139.69990897030192,14
35.693645749619535,139.69935782157512,6
35.69257411009611,139.69788633331092,14
35.69328301673858,139.69625282003022,11
35.69187336595248,139.70102389594308,0
35.68979659053189,139.69990668164937,4
35.69627996362422,139.69696200864502,22
35.6933208695737,139.69698403130303,14
35.69088666715296,139.70005729344638,16
35.69298819753399,139.6985639174031,22
35.68891803551426,139.69890081879805,1
35.694407999156184,139.698506420775,21
35.69258092369879,139.7008023990972,9
35.68775366471882,139.70069852828235,22
35.692136026108734,139.69978334687804,17
35.69121445082229,139.69972240757022,15
35.68843378321117,139.70129228700972,5
35.690728326346076,139.70149848487605,5
35.68760032257178,139.7021875703089,2
35.6900578111771,139.70156158883321,10
35.691498618873915,139.70109957350286,7
35.69082061136022,139.70090913879312,3
35.69434251389646,139.69875495876616,13
35.68829405039669,139.70261554794288,9
35.69252961601825,139.69972755204262,18
35.690034716127606,139.70151050614197,18
35.69101683017417,139.69911440899924,17
35.69275061260006,139.69769068758652,3
35.69163762593013,139.69969412098595,1
35.692433811454066,139.70063930886917,19
35.69046226267759,139.70058198988264,3
35.6950357212908,139.6989307237107,9
35.690675171336665,139.70139867011676,18
35.693557634062905,139.69747732574365,4
35.69066690307896,139.70094812632874,18
35.69245603603745,139.69859283261593,15
35.691216092769565,139.69979642888086,2
35.692685601812556,139.69950084303028,10
35.69423468511964,139.699813856137,18
35.69328389562882,139.69698347563784,8
35.695033003950726,139.69921273751427,7
35.6942361932401,139.696800251283,5
35.68759799538366,139.70372122654376,10
35.6901339547976,139.6999387329495,6
35.68738981789124,139.70190921140224,9
35.690193235210344,139.70076328727635,16
35.69214570866417,139.69967856953596,12
35.691517063044735,139.69871811964498,10
35.6923091783936,139.69991257178748,16
35.69265027907852,139.69751701607393,19
35.69378815968396,139.69849534148685,15
35.69636113656763,139.69829827110462,14
35.69453718140565,139.69708951329648,21
35.690401273699926,139.69973007935556,14
35.69159321760166,139.69837232272832,9
35.69118012400242,139.6984453190044,20
35.69185799394148,139.7010635456185,3
35.69208501963795,139.69912969127313,1
35.6891554350481,139.69947834688023,4
35.694896554489745,139.696834145232,2
35.69456537627226,139.6977419544844,7
35.68777139690435,139.70280268465885,7
35.688568184003344,139.7023039798384,15
35.6934662543782,139.69791283337292,9
35.68967677976994,139.70182462773207,15
35.69347743995867,139.69935679436782,9
35.69381440042073,139.6988126103039,9
35.68819665195289,139.70073935581277,8
35.68971778176996,139.70080106461495,23
35.68889552553742,139.70125963217438,10
35.69159463188808,139.70070103585468,20
35.69407892864857,139.69846004232386,2
35.69355798638503,139.6981333996543,17
35.691383778834,139.7009513342161,8
35.68928540059203,139.70048518700813,4
35.69038338580124,139.69937674677664,18
35.6876455210587,139.70159545271176,17
35.691846037746664,139.70076753036878,2
35.68642056370128,139.70218210815787,22
35.69036923411185,139.69934669367416,8
35.6927847790482,139.69790337046382,18
35.69210887760421,139.70142104874026,20
35.68789186100961,139.70411210061923,5
35.68987109659031,139.70020337661543,9
35.69070669577355,139.70187158508259,7
35.68750740220523,139.70201275020545,20
35.68858237694595,139.7035162649163,11
35.69142038041507,139.70032829920484,19
35.68815875605094,139.70415600666945,11
35.690437414527935,139.70141475662402,8
35.69024808996461,139.70044487323565,23
35.69053481738371,139.6998967563447,5
35.69235792102412,139.70130210751876,5
35.69279057516041,139.69791696056362,19
35.69180198288532,139.70198476623406,17
35.6890597336152,139.70172816605395,9
35.693501870183894,139.69620112134072,6
35.69402169125958,139.69532431535097,12
35.690211449952415,139.7005384556752,16
35.69344034568801,139.69629833414172,11
35.68984617841977,139.70142641945486,11
35.6937044143715,139.69720982986914,5
35.691636685601694,139.69901772987612,23
35.687496702144365,139.7041624872842,21
35.69103617467475,139.7011051733219,13
35.68946127989894,139.70017473735751,6
35.690196624594506,139.70027658114296,11
